Company,Date,Adj Close,Close,High,Low,Open,Volume,LSTM Predictions,RF Predictions
APPLE,2024-09-06,220.57733154296875,220.82000732421875,225.24000549316406,219.77000427246094,223.9499969482422,48423000,217.66983657638045,221.96860351562478
APPLE,2024-09-09,220.66722106933594,220.91000366210938,221.27000427246094,216.7100067138672,220.82000732421875,67180000,217.26512422170342,221.81930328369117
APPLE,2024-09-10,219.86810302734375,220.11000061035156,221.47999572753906,216.72999572753906,218.9199981689453,51591000,216.74969308156867,221.81880371093732
APPLE,2024-09-11,222.41529846191406,222.66000366210938,223.08999633789062,217.88999938964844,221.4600067138672,44587100,216.14535999408687,220.8223033142088
APPLE,2024-09-12,222.52517700195312,222.77000427246094,223.5500030517578,219.82000732421875,222.5,37498200,215.61487278932324,221.37880264282205
APPLE,2024-09-13,222.25547790527344,222.5,224.0399932861328,221.91000366210938,223.5800018310547,36766600,215.1660486116161,221.81630294799785
APPLE,2024-09-16,216.082275390625,216.32000732421875,217.22000122070312,213.9199981689453,216.5399932861328,59357400,214.79187093453945,221.6475028991697
APPLE,2024-09-17,216.55174255371094,216.7899932861328,216.89999389648438,214.5,215.75,45519300,214.2342961570757,216.6051014709472
APPLE,2024-09-18,220.4474639892578,220.69000244140625,222.7100067138672,217.5399932861328,217.5500030517578,59894900,213.59618144157136,216.97380233764642
APPLE,2024-09-19,228.61846923828125,228.8699951171875,229.82000732421875,224.6300048828125,224.99000549316406,66781300,213.08198458738477,221.36190322875964
APPLE,2024-09-20,227.94920349121094,228.1999969482422,233.08999633789062,227.6199951171875,229.97000122070312,318679900,213.01633391857465,224.8540002441405
APPLE,2024-09-23,226.2211151123047,226.47000122070312,229.4499969482422,225.80999755859375,227.33999633789062,54146000,213.24931373105935,225.3302000427245
APPLE,2024-09-24,227.1201171875,227.3699951171875,229.35000610351562,225.72999572753906,228.64999389648438,43556100,213.6314642281795,224.86550048828107
APPLE,2024-09-25,226.1212158203125,226.3699951171875,227.2899932861328,224.02000427246094,224.92999267578125,42308700,214.14660625629037,225.35160049438466
APPLE,2024-09-26,227.26995849609375,227.52000427246094,228.5,225.41000366210938,227.3000030517578,36636700,214.6873569379022,225.29770034790027
APPLE,2024-09-27,227.53965759277344,227.7899932861328,229.52000427246094,227.3000030517578,228.4600067138672,34026000,215.26767148801443,225.14859985351552
APPLE,2024-09-30,232.7439422607422,233.0,233.0,229.64999389648438,230.0399932861328,54541900,215.85499144485945,225.0709996032714
APPLE,2024-10-01,225.96141052246094,226.2100067138672,229.64999389648438,223.74000549316406,229.52000427246094,63285000,216.63621661219074,225.40859939575188
APPLE,2024-10-02,226.53077697753906,226.77999877929688,227.3699951171875,223.02000427246094,225.88999938964844,32880600,217.23063093331436,224.74430007934558
APPLE,2024-10-03,225.42198181152344,225.6699981689453,226.80999755859375,223.32000732421875,225.13999938964844,34044200,217.69930376343106,224.99049972534172
APPLE,2024-10-04,226.55075073242188,226.8000030517578,228.0,224.1300048828125,227.89999389648438,37245100,217.99917965036727,225.1027000427246
APPLE,2024-10-07,221.4463653564453,221.69000244140625,225.69000244140625,221.3300018310547,224.5,39505400,218.2084745162792,225.40869964599608
APPLE,2024-10-08,225.52188110351562,225.77000427246094,225.97999572753906,223.25,224.3000030517578,31855700,218.12459867027061,223.13360153198224
APPLE,2024-10-09,229.28773498535156,229.5399932861328,229.75,224.8300018310547,225.22999572753906,33591100,218.01067741316362,224.0244004821776
APPLE,2024-10-10,228.7882843017578,229.0399932861328,229.5,227.1699981689453,227.77999877929688,28183500,218.02784621950556,224.41750015258776
APPLE,2024-10-11,227.2999267578125,227.5500030517578,229.41000366210938,227.33999633789062,229.3000030517578,31759200,218.1199172794222,224.49300048828113
APPLE,2024-10-14,231.04580688476562,231.3000030517578,231.72999572753906,228.60000610351562,228.6999969482422,39882100,218.20960872498833,223.82720016479482
APPLE,2024-10-15,233.59300231933594,233.85000610351562,237.49000549316406,232.3699951171875,233.61000061035156,64751400,218.45548738161594,224.26760070800768
APPLE,2024-10-16,231.5252685546875,231.77999877929688,232.1199951171875,229.83999633789062,231.60000610351562,34082200,218.90467850919956,224.59340148925767
APPLE,2024-10-17,231.89486694335938,232.14999389648438,233.85000610351562,230.52000427246094,233.42999267578125,32993800,219.39554624699664,224.23090164184558
APPLE,2024-10-18,234.74172973632812,235.0,236.17999267578125,234.00999450683594,236.17999267578125,46431500,219.91629260049373,224.25780136108384
APPLE,2024-10-21,236.22010803222656,236.47999572753906,236.85000610351562,234.4499969482422,234.4499969482422,36254500,220.55064885968747,224.7148014831542
APPLE,2024-10-22,235.60079956054688,235.86000061035156,236.22000122070312,232.60000610351562,233.88999938964844,38846600,221.29451185777722,224.66990158081043
APPLE,2024-10-23,230.5063934326172,230.75999450683594,235.13999938964844,227.75999450683594,234.0800018310547,52287000,222.05760080545585,224.44060134887687
APPLE,2024-10-24,230.31661987304688,230.57000732421875,230.82000732421875,228.41000366210938,229.97999572753906,31109500,222.5874319483191,224.4980009460448
APPLE,2024-10-25,231.1556854248047,231.41000366210938,233.22000122070312,229.57000732421875,229.74000549316406,38802300,222.92008869088747,223.8576010131835
APPLE,2024-10-28,233.14349365234375,233.39999389648438,234.72999572753906,232.5500030517578,233.32000732421875,36087100,223.12051004160455,223.88860107421863
APPLE,2024-10-29,233.41319274902344,233.6699981689453,234.3300018310547,232.32000732421875,233.10000610351562,35417200,223.29431084673703,223.6169006347655
APPLE,2024-10-30,229.8471221923828,230.10000610351562,233.47000122070312,229.5500030517578,232.61000061035156,47070900,223.45034238209334,223.78970046997063
APPLE,2024-10-31,225.66172790527344,225.91000366210938,229.8300018310547,225.3699951171875,229.33999633789062,64370100,223.44057929144034,223.8284005737304
APPLE,2024-11-01,222.66502380371094,222.91000366210938,225.35000610351562,220.27000427246094,220.97000122070312,65276700,223.1429829416156,223.3600003051757
APPLE,2024-11-04,221.76600646972656,222.00999450683594,222.7899932861328,219.7100067138672,220.99000549316406,44944500,222.52671842330162,221.58590179443345
APPLE,2024-11-05,223.2044219970703,223.4499969482422,223.9499969482422,221.13999938964844,221.8000030517578,28111300,221.6674886079854,221.4092015075682
APPLE,2024-11-06,222.47523498535156,222.72000122070312,226.07000732421875,221.19000244140625,222.61000061035156,54561100,220.7278522909473,221.76780105590802
APPLE,2024-11-07,227.22999572753906,227.47999572753906,227.8800048828125,224.57000732421875,224.6300048828125,42137700,219.7399231462259,221.06800155639633
APPLE,2024-11-08,226.9600067138672,226.9600067138672,228.66000366210938,226.41000366210938,227.1699981689453,38328800,218.9671711851333,223.44459991455065
APPLE,2024-11-11,224.22999572753906,224.22999572753906,225.6999969482422,221.5,225.0,42005600,218.36188180403403,223.49540023803692
APPLE,2024-11-12,224.22999572753906,224.22999572753906,225.58999633789062,223.36000061035156,224.5500030517578,40398300,217.8026057135066,222.13440078735334
APPLE,2024-11-13,225.1199951171875,225.1199951171875,226.64999389648438,222.75999450683594,224.00999450683594,48566200,217.3092694038132,222.2027014160155
APPLE,2024-11-14,228.22000122070312,228.22000122070312,228.8699951171875,225.0,225.02000427246094,44923900,216.92029141505188,222.60250106811506
APPLE,2024-11-15,225.0,225.0,226.9199981689453,224.27000427246094,226.39999389648438,47923700,216.7515055915646,223.74140075683576
APPLE,2024-11-18,228.02000427246094,228.02000427246094,229.74000549316406,225.1699981689453,225.25,44686000,216.6120868778889,223.14130172729466
APPLE,2024-11-19,228.27999877929688,228.27999877929688,230.16000366210938,226.66000366210938,226.97999572753906,36211800,216.63400379323863,224.39490066528302
APPLE,2024-11-20,229.0,229.0,229.92999267578125,225.88999938964844,228.05999755859375,35169600,216.7750348624322,224.79190109252914
APPLE,2024-11-21,228.52000427246094,228.52000427246094,230.16000366210938,225.7100067138672,228.8800048828125,42108300,217.02747413806352,224.73130096435528
APPLE,2024-11-22,229.8699951171875,229.8699951171875,230.72000122070312,228.05999755859375,228.05999755859375,38168300,217.32801720659333,224.34720092773424
APPLE,2024-11-25,232.8699951171875,232.8699951171875,233.25,229.74000549316406,231.4600067138672,90152800,217.70629805047062,224.96480102539053
APPLE,2024-11-26,235.05999755859375,235.05999755859375,235.57000732421875,233.3300018310547,233.3300018310547,45986200,218.24559205226976,224.80840057373035
APPLE,2024-11-27,234.92999267578125,234.92999267578125,235.69000244140625,233.80999755859375,234.47000122070312,33498400,218.9654142736035,224.61990112304676
APPLE,2024-11-29,237.3300018310547,237.3300018310547,237.80999755859375,233.97000122070312,234.80999755859375,28481400,219.7785307211088,224.8591007995604
APPLE,2024-12-02,239.58999633789062,239.58999633789062,240.7899932861328,237.16000366210938,237.27000427246094,48137100,220.72568395076811,224.56760101318352
APPLE,2024-12-03,242.64999389648438,242.64999389648438,242.75999450683594,238.89999389648438,239.80999755859375,38861000,221.81748214991964,224.84070098876944
GOOGLE,2024-09-06,151.9300079345703,152.1300048828125,159.22000122070312,151.93499755859375,158.69000244140625,24999100,161.40920322922375,160.07460159301755
GOOGLE,2024-09-09,149.5399932861328,149.5399932861328,154.63999938964844,148.1999969482422,153.6300048828125,28057700,160.31821434044787,155.48394577026363
GOOGLE,2024-09-10,150.00999450683594,150.00999450683594,152.3000030517578,149.54299926757812,151.4499969482422,20401800,158.91260799601923,149.62993072509764
GOOGLE,2024-09-11,152.14999389648438,152.14999389648438,152.47999572753906,148.6999969482422,151.08999633789062,18991500,157.38045957553095,149.47449081420893
GOOGLE,2024-09-12,155.5399932861328,155.5399932861328,155.61000061035156,153.5,154.80999755859375,21024100,155.9342977583956,154.6158454895019
GOOGLE,2024-09-13,158.3699951171875,158.3699951171875,159.27499389648438,156.11000061035156,156.36199951171875,16733900,154.77949192458982,158.26517059326164
GOOGLE,2024-09-16,158.99000549316406,158.99000549316406,159.24000549316406,157.61000061035156,158.3300018310547,14157600,154.0194560291784,159.0804104614257
GOOGLE,2024-09-17,160.27999877929688,160.27999877929688,161.58999633789062,159.41000366210938,160.08999633789062,12064800,153.60346656067486,159.4077854919433
GOOGLE,2024-09-18,160.80999755859375,160.80999755859375,161.6300048828125,159.66000366210938,160.85000610351562,16756500,153.5179716903449,159.5117849731445
GOOGLE,2024-09-19,163.24000549316406,163.24000549316406,164.99000549316406,162.52200317382812,164.82000732421875,17548200,153.69702085190647,160.98740005493158
GOOGLE,2024-09-20,164.63999938964844,164.63999938964844,164.75,163.17999267578125,164.52000427246094,46362700,154.1757937926459,162.47210006713863
GOOGLE,2024-09-23,163.07000732421875,163.07000732421875,166.61000061035156,162.9499969482422,165.33999633789062,15648400,154.90819262527566,162.64219985961907
GOOGLE,2024-09-24,163.63999938964844,163.63999938964844,164.5500030517578,162.02999877929688,164.25,18774100,155.70490013595827,163.08930023193355
GOOGLE,2024-09-25,162.99000549316406,162.99000549316406,164.2169952392578,162.77499389648438,162.97000122070312,13607900,156.5417964031949,162.9352999877929
GOOGLE,2024-09-26,163.8300018310547,163.8300018310547,165.5,163.5,165.02999877929688,18234500,157.33200303662488,163.08389999389647
GOOGLE,2024-09-27,165.2899932861328,165.2899932861328,166.97000122070312,163.8300018310547,163.91000366210938,13604300,158.09334744194484,162.85839981079098
GOOGLE,2024-09-30,167.19000244140625,167.19000244140625,167.36000061035156,164.63999938964844,164.77999877929688,14070100,158.86631008173936,163.02100006103518
GOOGLE,2024-10-01,168.4199981689453,168.4199981689453,170.44000244140625,165.89999389648438,168.86000061035156,18629500,159.69968087323514,162.63129959106442
GOOGLE,2024-10-02,167.30999755859375,167.30999755859375,168.8800048828125,166.25,167.75999450683594,12745000,160.59137620192814,163.61312499999997
GOOGLE,2024-10-03,167.2100067138672,167.2100067138672,167.91000366210938,165.3699951171875,165.82000732421875,11004300,161.42310510519474,162.6170245361328
GOOGLE,2024-10-04,168.55999755859375,168.55999755859375,169.5500030517578,166.9600067138672,169.33999633789062,11422100,162.17078933382618,162.9948992919922
GOOGLE,2024-10-07,164.38999938964844,164.38999938964844,169.89999389648438,164.1300048828125,169.13999938964844,14034700,162.8897696890499,165.1049993896484
GOOGLE,2024-10-08,165.6999969482422,165.6999969482422,166.10000610351562,164.30999755859375,165.42999267578125,11723900,163.34103891833593,163.08570007324218
GOOGLE,2024-10-09,163.05999755859375,163.05999755859375,166.25999450683594,161.1199951171875,164.85499572753906,19666400,163.65827339380576,164.25389999389648
GOOGLE,2024-10-10,163.17999267578125,163.17999267578125,164.31100463867188,161.63999938964844,162.11000061035156,12900500,163.72786611824085,164.68510086059572
GOOGLE,2024-10-11,164.52000427246094,164.52000427246094,165.27000427246094,162.5,163.3300018310547,10946000,163.63162813152803,164.78610076904295
GOOGLE,2024-10-14,166.35000610351562,166.35000610351562,167.6199951171875,164.77999877929688,164.91000366210938,9981800,163.48720030856566,164.83080017089844
GOOGLE,2024-10-15,166.89999389648438,166.89999389648438,169.08999633789062,166.0500030517578,167.13999938964844,14829300,163.40158875582347,165.46660095214844
GOOGLE,2024-10-16,166.74000549316406,166.74000549316406,167.27999877929688,165.21600341796875,166.02999877929688,9968500,163.38391970482917,165.39520095825196
GOOGLE,2024-10-17,164.50999450683594,164.50999450683594,167.92999267578125,164.3699951171875,167.3800048828125,15113400,163.40683946437366,165.36410140991214
GOOGLE,2024-10-18,165.0500030517578,165.0500030517578,166.3699951171875,164.75,164.8699951171875,13091300,163.3480315286115,165.35060150146487
GOOGLE,2024-10-21,165.8000030517578,165.8000030517578,166.22000122070312,164.30499267578125,164.5800018310547,11384000,163.26793738707602,165.8114015197754
GOOGLE,2024-10-22,166.82000732421875,166.82000732421875,167.47000122070312,164.6699981689453,164.6999969482422,11958600,163.2112130658179,166.26180175781252
GOOGLE,2024-10-23,164.47999572753906,164.47999572753906,167.60000610351562,163.63299560546875,166.42999267578125,12754300,163.2216644761702,166.1093016052246
GOOGLE,2024-10-24,164.52999877929688,164.52999877929688,165.0500030517578,162.77000427246094,164.58999633789062,12764400,163.15982279769014,165.55210067749024
GOOGLE,2024-10-25,166.99000549316406,166.99000549316406,167.39999389648438,165.22999572753906,165.36500549316406,14566400,163.0595009265494,165.71120132446293
GOOGLE,2024-10-28,168.33999633789062,168.33999633789062,170.6060028076172,165.7899932861328,170.58999633789062,20858300,163.05792571398433,165.91560150146483
GOOGLE,2024-10-29,171.13999938964844,171.13999938964844,171.86000061035156,168.66000366210938,169.38499450683594,28916100,163.1855596040441,166.53170211791993
GOOGLE,2024-10-30,176.13999938964844,176.13999938964844,183.7899932861328,175.7449951171875,182.41000366210938,49698300,163.53454836455558,170.04429824829097
GOOGLE,2024-10-31,172.69000244140625,172.69000244140625,178.4199981689453,172.55999755859375,174.72000122070312,32801900,164.26519696100195,177.39729949951172
GOOGLE,2024-11-01,172.64999389648438,172.64999389648438,173.82000732421875,170.30999755859375,171.5399932861328,21752900,165.04566061301102,170.71179870605465
GOOGLE,2024-11-04,170.67999267578125,170.67999267578125,171.9199981689453,169.48500061035156,171.24000549316406,16194000,165.83427536495992,170.52249877929685
GOOGLE,2024-11-05,171.41000366210938,171.41000366210938,172.0970001220703,170.3699951171875,170.8300018310547,12518300,166.4916724099021,170.7527978515624
GOOGLE,2024-11-06,178.3300018310547,178.3300018310547,178.63999938964844,175.0399932861328,175.35000610351562,27061500,167.0653831619038,171.00879837036126
GOOGLE,2024-11-07,182.27999877929688,182.27999877929688,182.5800018310547,178.88999938964844,179.11000061035156,16730400,167.8930948564066,178.09139846801764
GOOGLE,2024-11-08,179.86000061035156,179.86000061035156,182.35000610351562,179.57000732421875,182.0,15021500,169.03516563836365,180.65569931030285
GOOGLE,2024-11-11,181.97000122070312,181.97000122070312,182.0850067138672,179.99000549316406,180.07000732421875,12503400,170.2122744818207,178.5390991210938
GOOGLE,2024-11-12,183.32000732421875,183.32000732421875,184.02499389648438,180.99000549316406,181.3800048828125,14065800,171.4723278514548,180.89409988403332
GOOGLE,2024-11-13,180.49000549316406,180.49000549316406,182.61500549316406,180.1199951171875,182.14999389648438,13969700,172.7899806604387,182.47870025634774
GOOGLE,2024-11-14,177.35000610351562,177.35000610351562,180.44500732421875,176.02999877929688,179.75,17925800,173.9368770935871,180.0920999145508
GOOGLE,2024-11-15,173.88999938964844,173.88999938964844,175.8800048828125,172.7449951171875,175.63999938964844,21708900,174.7580462385472,179.0942997741699
GOOGLE,2024-11-18,176.8000030517578,176.8000030517578,176.91000366210938,174.4199981689453,174.9550018310547,18725400,175.1436816109558,173.24580047607427
GOOGLE,2024-11-19,179.5800018310547,179.5800018310547,180.1699981689453,175.11599731445312,175.23500061035156,15392900,175.3567853679715,178.04259979248036
GOOGLE,2024-11-20,177.3300018310547,177.3300018310547,179.11000061035156,175.3300018310547,178.8300018310547,15729800,175.56292985254368,177.9724995422363
GOOGLE,2024-11-21,169.24000549316406,169.24000549316406,175.5800018310547,165.30999755859375,175.4550018310547,38839400,175.63055564488695,177.1683000183105
GOOGLE,2024-11-22,166.57000732421875,166.57000732421875,168.26499938964844,165.7100067138672,167.16000366210938,24497000,175.20021423967955,169.84440063476558
GOOGLE,2024-11-25,169.42999267578125,169.42999267578125,170.4600067138672,167.39999389648438,167.99000549316406,21395700,174.33257215682124,166.06740005493162
GOOGLE,2024-11-26,170.6199951171875,170.6199951171875,171.4949951171875,169.42999267578125,169.49000549316406,14937500,173.34573898987355,169.77060028076167
GOOGLE,2024-11-27,170.82000732421875,170.82000732421875,171.13999938964844,169.6699981689453,170.67999267578125,12433400,172.36856545976661,171.06299926757808
GOOGLE,2024-11-29,170.49000549316406,170.49000549316406,170.8699951171875,168.75,170.05999755859375,9250700,171.45125000713188,170.98729827880848
GOOGLE,2024-12-02,172.97999572753906,172.97999572753906,173.60000610351562,170.27000427246094,170.32000732421875,16593400,170.60486079221482,170.84469818115224
GOOGLE,2024-12-03,173.02000427246094,173.02000427246094,174.32000732421875,172.50999450683594,173.1199951171875,15721500,169.97614261730632,170.94999862670892
MICROSOFT,2024-09-06,400.8975524902344,401.70001220703125,410.6499938964844,400.79998779296875,409.05999755859375,19609500,413.9211176057879,407.29990325927724
MICROSOFT,2024-09-09,404.9095153808594,405.7200012207031,408.6499938964844,402.1499938964844,407.239990234375,15295100,413.006947534197,403.78540008544917
MICROSOFT,2024-09-10,413.3725891113281,414.20001220703125,416.3299865722656,407.70001220703125,408.20001220703125,19594300,412.04443297693524,405.0554000854492
MICROSOFT,2024-09-11,422.1949157714844,423.0400085449219,423.989990234375,409.5799865722656,415.5,19266900,411.3915646524247,413.2740002441404
MICROSOFT,2024-09-12,426.1470031738281,427.0,427.3699951171875,419.75,423.30999755859375,17418800,411.322156066527,421.3439987182618
MICROSOFT,2024-09-13,429.7298278808594,430.5899963378906,431.8299865722656,425.4599914550781,425.8299865722656,15874600,411.8436509238336,423.13709960937507
MICROSOFT,2024-09-16,430.47833251953125,431.3399963378906,433.5299987792969,428.2200012207031,430.6000061035156,13834700,412.9267297389724,422.4409997558595
MICROSOFT,2024-09-17,434.2807312011719,435.1499938964844,441.8500061035156,432.2699890136719,440.2300109863281,18874200,414.41384729614947,422.99210052490236
MICROSOFT,2024-09-18,429.94940185546875,430.80999755859375,436.0299987792969,430.4100036621094,435.0,18898000,416.28019784575554,439.6931976318361
MICROSOFT,2024-09-19,437.81365966796875,438.69000244140625,441.5,436.8999938964844,441.2300109863281,21706600,418.1837075270587,423.5516995239259
MICROSOFT,2024-09-20,434.4004821777344,435.2699890136719,439.239990234375,434.2200012207031,437.2200012207031,55167100,420.3255939290675,441.2538980102539
MICROSOFT,2024-09-23,432.6440124511719,433.510009765625,436.4599914550781,430.3900146484375,434.2799987792969,15128900,422.4151368338962,440.641697998047
MICROSOFT,2024-09-24,428.31268310546875,429.1700134277344,433.3500061035156,426.1000061035156,433.0,17015800,424.31799321133894,437.040798034668
MICROSOFT,2024-09-25,431.2467956542969,432.1099853515625,433.1199951171875,428.57000732421875,429.8299865722656,13396400,425.84038917697853,423.5570986938477
MICROSOFT,2024-09-26,430.4483947753906,431.30999755859375,435.29998779296875,429.1300048828125,435.0899963378906,14492000,427.1258140150667,436.6432989501954
MICROSOFT,2024-09-27,427.1649475097656,428.0199890136719,431.8500061035156,427.4700012207031,431.5199890136719,14896100,428.14712591976604,422.78420135498055
MICROSOFT,2024-09-30,429.4403991699219,430.29998779296875,430.4200134277344,425.3699951171875,428.2099914550781,16807300,428.81438672629247,420.8862023925782
MICROSOFT,2024-10-01,419.849609375,420.69000244140625,428.4800109863281,418.80999755859375,428.45001220703125,19092900,429.28335991263884,423.0088015747071
MICROSOFT,2024-10-02,416.2967224121094,417.1300048828125,422.82000732421875,416.7099914550781,422.5799865722656,16582300,429.23174890766586,418.8098980712891
MICROSOFT,2024-10-03,415.7079162597656,416.5400085449219,419.54998779296875,414.2900085449219,417.6300048828125,13686400,428.67942998639955,416.811900024414
MICROSOFT,2024-10-04,415.2288513183594,416.05999755859375,419.75,414.9700012207031,418.239990234375,19169700,427.75639081997633,418.3907000732421
MICROSOFT,2024-10-07,408.7218933105469,409.5400085449219,417.1099853515625,409.0,416.0,20919800,426.57830578586345,417.94589996337885
MICROSOFT,2024-10-08,413.8815612792969,414.7099914550781,415.6600036621094,408.1700134277344,410.8999938964844,19229300,425.02259132334257,400.99379791259776
MICROSOFT,2024-10-09,416.62603759765625,417.4599914550781,420.3800048828125,414.29998779296875,415.8599853515625,14974300,423.4518310749454,411.5992987060545
MICROSOFT,2024-10-10,415.0093078613281,415.8399963378906,417.3500061035156,413.1499938964844,415.2300109863281,13848400,422.03087538145064,420.363599243164
MICROSOFT,2024-10-11,415.48834228515625,416.32000732421875,417.1300048828125,413.25,416.1400146484375,14144900,420.7255346741631,417.0640005493164
MICROSOFT,2024-10-14,418.302734375,419.1400146484375,424.0400085449219,417.5199890136719,417.7699890136719,16653100,419.5861133503349,417.18910003662114
MICROSOFT,2024-10-15,417.90350341796875,418.739990234375,422.4800109863281,415.260009765625,422.17999267578125,18900200,418.7213568070956,420.56919891357444
MICROSOFT,2024-10-16,415.2887268066406,416.1199951171875,416.3599853515625,410.4800109863281,415.1700134277344,15508900,418.0789017501784,420.1141992187501
MICROSOFT,2024-10-17,415.8875427246094,416.7200012207031,422.5,415.5899963378906,422.3599853515625,14820000,417.53194783940216,416.94430023193354
MICROSOFT,2024-10-18,417.3246765136719,418.1600036621094,419.6499938964844,416.260009765625,417.1400146484375,17145300,417.09890636537875,417.3401995849608
MICROSOFT,2024-10-21,417.94342041015625,418.7799987792969,418.9599914550781,413.75,416.1199951171875,14206100,416.8139075055433,420.9388000488281
MICROSOFT,2024-10-22,426.656005859375,427.510009765625,430.5799865722656,418.0400085449219,418.489990234375,25482200,416.66792378837,420.8938995361327
MICROSOFT,2024-10-23,423.7518005371094,424.6000061035156,431.0799865722656,422.5299987792969,430.8599853515625,19654400,416.95074496867073,423.41350036621094
MICROSOFT,2024-10-24,423.8815612792969,424.7300109863281,425.9800109863281,422.3999938964844,425.3299865722656,13581600,417.42579586062766,422.80590148925774
MICROSOFT,2024-10-25,427.2947082519531,428.1499938964844,432.5199890136719,426.57000732421875,426.760009765625,16899100,418.036575578858,423.25690093994154
MICROSOFT,2024-10-28,425.7378234863281,426.5899963378906,431.94000244140625,426.29998779296875,431.6600036621094,14882400,418.8454449464016,423.2523010253907
MICROSOFT,2024-10-29,431.0871276855469,431.95001220703125,433.1700134277344,425.79998779296875,428.0,17644100,419.70430195781046,421.66990234375004
MICROSOFT,2024-10-30,431.66595458984375,432.5299987792969,438.5,432.1000061035156,437.44000244140625,29749100,420.7632283272005,440.4887005615235
MICROSOFT,2024-10-31,405.53826904296875,406.3500061035156,416.1600036621094,406.29998779296875,415.3599853515625,53971000,421.941709303047,442.140500793457
MICROSOFT,2024-11-01,409.55023193359375,410.3699951171875,415.5,407.5,409.010009765625,24230400,422.19503282419555,408.8093988037109
MICROSOFT,2024-11-04,407.64404296875,408.4599914550781,410.4200134277344,405.57000732421875,409.79998779296875,19672300,421.9175766543849,408.5224990844726
MICROSOFT,2024-11-05,410.6380310058594,411.4599914550781,414.8999938964844,408.0799865722656,408.3699951171875,17626000,421.1573487288124,405.85179992675796
MICROSOFT,2024-11-06,419.3406066894531,420.17999267578125,420.45001220703125,410.5199890136719,412.4200134277344,26681800,420.17901629929383,408.0593005371094
MICROSOFT,2024-11-07,424.58013916015625,425.42999267578125,426.8500061035156,419.8800048828125,421.2799987792969,19901800,419.4014659228769,420.4027987670899
MICROSOFT,2024-11-08,421.6959228515625,422.5400085449219,426.5,421.7799987792969,425.32000732421875,16891400,419.00283178550217,422.82410034179685
MICROSOFT,2024-11-11,417.1749572753906,418.010009765625,424.80999755859375,416.0,422.5199890136719,24503300,418.8092360748651,420.4555993652345
MICROSOFT,2024-11-12,422.1849365234375,423.0299987792969,424.44000244140625,417.20001220703125,418.25,19401200,418.6234602134664,420.6435977172852
MICROSOFT,2024-11-13,424.3506164550781,425.20001220703125,429.3299865722656,418.2099914550781,421.6400146484375,21502200,418.63987199832354,420.8505990600587
MICROSOFT,2024-11-14,426.0372314453125,426.8900146484375,428.1700134277344,420.0,425.0,30246900,418.8759720540611,422.6520989990235
MICROSOFT,2024-11-15,414.1709899902344,415.0,422.79998779296875,413.6400146484375,419.82000732421875,28247600,419.327504007043,422.5623992919922
MICROSOFT,2024-11-18,414.9294738769531,415.760009765625,418.3999938964844,412.1000061035156,414.8699951171875,24742000,419.48089183463435,412.0990979003906
MICROSOFT,2024-11-19,416.9554138183594,417.7900085449219,417.94000244140625,411.54998779296875,413.1099853515625,18133500,419.4416936030093,416.4279971313475
MICROSOFT,2024-11-20,414.65997314453125,415.489990234375,417.2900085449219,410.5799865722656,416.8699951171875,19191700,419.32132731599904,420.19729827880866
MICROSOFT,2024-11-21,412.8699951171875,412.8699951171875,419.7799987792969,410.2900085449219,419.5,20780200,419.05452197882187,414.69809753417974
MICROSOFT,2024-11-22,417.0,417.0,417.3999938964844,411.05999755859375,411.3699951171875,24814600,418.5960808425889,413.2676986694334
MICROSOFT,2024-11-25,418.7900085449219,418.7900085449219,421.0799865722656,414.8500061035156,418.3800048828125,27691100,418.1679094518886,415.5377981567382
MICROSOFT,2024-11-26,427.989990234375,427.989990234375,429.0400085449219,418.8500061035156,419.5899963378906,23458900,417.8418514342802,419.0386972045899
MICROSOFT,2024-11-27,422.989990234375,422.989990234375,427.2300109863281,422.0199890136719,425.1099853515625,18332400,417.9489536732153,421.969700012207
MICROSOFT,2024-11-29,423.4599914550781,423.4599914550781,424.8800048828125,417.79998779296875,420.0899963378906,16271900,418.18822126282157,419.3911990356445
MICROSOFT,2024-12-02,430.9800109863281,430.9800109863281,433.0,421.30999755859375,421.57000732421875,20207200,418.5471622414043,419.8946984863282
MICROSOFT,2024-12-03,431.20001220703125,431.20001220703125,432.4700012207031,427.739990234375,429.8399963378906,18302000,419.25439336593627,424.4979992675781
AMAZON,2024-09-06,171.38999938964844,171.38999938964844,178.3800048828125,171.16000366210938,177.24000549316406,41466500,170.086819233009,176.93043930053716
AMAZON,2024-09-09,175.39999389648438,175.39999389648438,175.85000610351562,173.50999450683594,174.52999877929688,29037400,169.94324243715073,173.09940551757816
AMAZON,2024-09-10,179.5500030517578,179.5500030517578,180.5,176.7899932861328,177.49000549316406,36233800,169.86128303061878,176.80339538574222
AMAZON,2024-09-11,184.52000427246094,184.52000427246094,184.99000549316406,175.72999572753906,180.10000610351562,42564700,170.03164348246446,178.1829698181152
AMAZON,2024-09-12,187.0,187.0,187.41000366210938,183.5399932861328,184.8000030517578,33622500,170.61913355456727,184.92160629272462
AMAZON,2024-09-13,186.49000549316406,186.49000549316406,188.5,185.91000366210938,187.0,26495400,171.58567109843762,188.38144989013668
AMAZON,2024-09-16,184.88999938964844,184.88999938964844,185.80999755859375,183.36000061035156,185.2899932861328,26065500,172.73208568902464,187.68113555908204
AMAZON,2024-09-17,186.8800048828125,186.8800048828125,189.4499969482422,186.13999938964844,186.85000610351562,26091700,173.85557214549,185.07341094970698
AMAZON,2024-09-18,186.42999267578125,186.42999267578125,188.8000030517578,185.05999755859375,186.4499969482422,34448100,175.0028776848926,187.4262452697754
AMAZON,2024-09-19,189.8699951171875,189.8699951171875,190.99000549316406,188.47000122070312,190.0399932861328,39543200,176.07028167299222,187.10381988525396
AMAZON,2024-09-20,191.60000610351562,191.60000610351562,191.83999633789062,187.41000366210938,190.22999572753906,100378600,177.20061976238458,187.1676498413086
AMAZON,2024-09-23,193.8800048828125,193.8800048828125,194.4499969482422,190.57000732421875,191.63999938964844,36993100,178.39249639607533,192.22945388793946
AMAZON,2024-09-24,193.9600067138672,193.9600067138672,195.3699951171875,190.1300048828125,194.27000427246094,43478900,179.67572287912435,193.91663421630858
AMAZON,2024-09-25,192.52999877929688,192.52999877929688,193.9499969482422,192.16000366210938,193.75,26391100,180.9491725787102,196.45039947509767
AMAZON,2024-09-26,191.16000366210938,191.16000366210938,194.52999877929688,189.5399932861328,194.30999755859375,36334900,182.06877985980145,194.43326919555665
AMAZON,2024-09-27,187.97000122070312,187.97000122070312,190.89999389648438,187.33999633789062,190.67999267578125,36002300,182.94894267557584,190.64758895874024
AMAZON,2024-09-30,186.3300018310547,186.3300018310547,188.49000549316406,184.64999389648438,187.13999938964844,41583900,183.4480553558733,186.03628997802733
AMAZON,2024-10-01,185.1300048828125,185.1300048828125,186.19000244140625,183.4499969482422,184.89999389648438,36044900,183.57651755987763,185.03877044677736
AMAZON,2024-10-02,184.75999450683594,184.75999450683594,186.60000610351562,184.0399932861328,184.44000244140625,23704100,183.3824089856198,184.25021530151372
AMAZON,2024-10-03,181.9600067138672,181.9600067138672,183.44000244140625,180.8800048828125,183.0500030517578,30204300,182.96135288297182,182.94547561645507
AMAZON,2024-10-04,186.50999450683594,186.50999450683594,187.60000610351562,183.60000610351562,185.75,40890300,182.26392130392514,179.63207046508793
AMAZON,2024-10-07,180.8000030517578,180.8000030517578,183.60000610351562,180.25,182.9499969482422,42364200,181.66300392356607,184.57747055053713
AMAZON,2024-10-08,182.72000122070312,182.72000122070312,183.08999633789062,180.9199981689453,181.9199981689453,26372100,180.8545585451957,179.61213607788085
AMAZON,2024-10-09,185.1699981689453,185.1699981689453,185.85000610351562,182.0500030517578,182.82000732421875,26343100,180.06675479513706,181.07312133789065
AMAZON,2024-10-10,186.64999389648438,186.64999389648438,188.1300048828125,185.8300018310547,187.1300048828125,27785000,179.46047595287882,185.1908406066895
AMAZON,2024-10-11,188.82000732421875,188.82000732421875,189.92999267578125,186.3000030517578,186.6300048828125,25751600,179.08657706143504,185.90708023071295
AMAZON,2024-10-14,187.5399932861328,187.5399932861328,189.8300018310547,187.36000061035156,189.77999877929688,22614400,179.0060447499086,186.74538986206056
AMAZON,2024-10-15,187.69000244140625,187.69000244140625,188.41000366210938,184.5800018310547,187.6300048828125,32178900,179.06180395365982,185.52749526977533
AMAZON,2024-10-16,186.88999938964844,186.88999938964844,187.77999877929688,185.61000061035156,187.0500030517578,23456800,179.21905247736095,185.53153518676757
AMAZON,2024-10-17,187.52999877929688,187.52999877929688,188.94000244140625,186.0,188.22000122070312,25039400,179.3928742259327,185.96851074218745
AMAZON,2024-10-18,188.99000549316406,188.99000549316406,190.74000549316406,186.27999877929688,187.14999389648438,37417700,179.60109606018978,186.2547898864746
AMAZON,2024-10-21,189.07000732421875,189.07000732421875,189.4600067138672,186.39999389648438,188.0500030517578,24639400,179.8939186094144,186.51877548217772
AMAZON,2024-10-22,189.6999969482422,189.6999969482422,191.52000427246094,186.97999572753906,188.35000610351562,29650600,180.22848171642454,186.36536071777337
AMAZON,2024-10-23,184.7100067138672,184.7100067138672,189.16000366210938,183.69000244140625,188.85000610351562,31937100,180.6056211385162,186.52068054199214
AMAZON,2024-10-24,186.3800048828125,186.3800048828125,187.11000061035156,183.86000061035156,185.25,21647400,180.7279255458393,184.76532577514647
AMAZON,2024-10-25,187.8300018310547,187.8300018310547,190.4499969482422,187.52999877929688,187.85000610351562,29362100,180.76591308029538,186.3373008728027
AMAZON,2024-10-28,188.38999938964844,188.38999938964844,190.2100067138672,188.2100067138672,189.57000732421875,27930800,180.81308606050516,185.5661012268066
AMAZON,2024-10-29,190.8300018310547,190.8300018310547,191.4600067138672,187.82000732421875,188.5800018310547,35690200,180.89054341594237,185.90489624023434
AMAZON,2024-10-30,192.72999572753906,192.72999572753906,195.61000061035156,192.4199981689453,194.6999969482422,37707600,181.1125552455842,185.96339569091796
AMAZON,2024-10-31,186.39999389648438,186.39999389648438,190.60000610351562,185.22999572753906,190.50999450683594,75146800,181.5168646643001,188.88029998779294
AMAZON,2024-11-01,197.92999267578125,197.92999267578125,200.5,197.02000427246094,199.0,99687800,181.69002411463725,187.38930145263674
AMAZON,2024-11-04,195.77999877929688,195.77999877929688,197.3300018310547,194.30999755859375,196.4499969482422,38492100,182.31209561598962,192.07920043945313
AMAZON,2024-11-05,199.5,199.5,199.82000732421875,195.99000549316406,196.0399932861328,30564800,183.06633503765897,194.79530014038082
AMAZON,2024-11-06,207.08999633789062,207.08999633789062,207.5500030517578,199.13999938964844,200.00999450683594,72292200,184.07215317444343,195.28980010986322
AMAZON,2024-11-07,210.0500030517578,210.0500030517578,212.25,207.19000244140625,207.44000244140625,52878400,185.58127854701115,195.16160064697263
AMAZON,2024-11-08,208.17999267578125,208.17999267578125,209.9600067138672,207.44000244140625,209.72000122070312,36075800,187.4874990182393,195.28780059814449
AMAZON,2024-11-11,206.83999633789062,206.83999633789062,209.64999389648438,205.58999633789062,208.5,35456000,189.45326325455926,195.73500061035156
AMAZON,2024-11-12,208.91000366210938,208.91000366210938,209.5399932861328,206.00999450683594,208.3699951171875,38942900,191.27828123152358,195.1787005615234
AMAZON,2024-11-13,214.10000610351562,214.10000610351562,215.08999633789062,209.13999938964844,209.39999389648438,46212900,193.00735269400138,195.05180068969727
AMAZON,2024-11-14,211.47999572753906,211.47999572753906,215.89999389648438,210.8800048828125,214.16000366210938,42620300,194.83191336980371,195.01930068969725
AMAZON,2024-11-15,202.61000061035156,202.61000061035156,207.33999633789062,199.61000061035156,206.75999450683594,86591100,196.46220778129236,194.88600067138668
AMAZON,2024-11-18,201.6999969482422,201.6999969482422,204.6699981689453,200.9499969482422,204.14999389648438,36512500,197.40569892349913,195.16470077514649
AMAZON,2024-11-19,204.61000061035156,204.61000061035156,205.3000030517578,198.77999877929688,199.3300018310547,31197900,197.79996348565692,194.82850082397462
AMAZON,2024-11-20,202.8800048828125,202.8800048828125,203.1300048828125,199.4499969482422,202.97999572753906,32769000,197.9471829218055,194.80970062255858
AMAZON,2024-11-21,198.3800048828125,198.3800048828125,203.49000549316406,195.75,203.49000549316406,58800000,197.81704920320908,193.97780166625972
AMAZON,2024-11-22,197.1199951171875,197.1199951171875,199.25999450683594,196.75,198.25,31530800,197.27688191686912,193.84650161743158
AMAZON,2024-11-25,201.4499969482422,201.4499969482422,201.9499969482422,199.0,199.27999877929688,40685700,196.43735582848922,193.6345014953613
AMAZON,2024-11-26,207.86000061035156,207.86000061035156,208.0,201.7899932861328,201.89999389648438,41673700,195.6735682739377,193.6153016662597
AMAZON,2024-11-27,205.74000549316406,205.74000549316406,207.63999938964844,205.0500030517578,206.97999572753906,28061600,195.3308762445481,193.85400085449214
AMAZON,2024-11-29,207.88999938964844,207.88999938964844,208.1999969482422,204.58999633789062,205.8300018310547,24892400,195.170962758903,193.46790115356436
AMAZON,2024-12-02,210.7100067138672,210.7100067138672,212.99000549316406,209.50999450683594,209.9600067138672,39523200,195.26963731135584,193.61520141601557
AMAZON,2024-12-03,213.44000244140625,213.44000244140625,214.02000427246094,209.64999389648438,210.30999755859375,32214800,195.6810900896021,193.941901397705
NVIDIA,2024-09-06,102.82120513916016,102.83000183105469,108.1500015258789,100.94999694824219,108.04000091552734,413638100,118.2152434257423,108.35693931579588
NVIDIA,2024-09-09,106.46089172363281,106.47000122070312,106.55000305175781,103.69000244140625,104.87999725341797,273912000,116.00386447242772,107.79259933471678
NVIDIA,2024-09-10,108.09075164794922,108.0999984741211,109.4000015258789,104.94999694824219,107.80999755859375,268283700,113.91754910853024,108.29517929077149
NVIDIA,2024-09-11,116.9000015258789,116.91000366210938,117.19000244140625,107.41999816894531,109.38999938964844,441422400,112.09757954457291,108.55138916015625
NVIDIA,2024-09-12,119.13999938964844,119.13999938964844,120.79000091552734,115.37999725341797,116.83999633789062,367100500,111.04461345843151,115.74294990539553
NVIDIA,2024-09-13,119.0999984741211,119.0999984741211,119.95999908447266,117.5999984741211,119.08000183105469,238358300,110.65195978332804,119.87845993041996
NVIDIA,2024-09-16,116.77999877929688,116.77999877929688,118.18000030517578,114.36000061035156,116.79000091552734,248772300,110.71930567668232,120.80753990173342
NVIDIA,2024-09-17,115.58999633789062,115.58999633789062,118.80000305175781,114.83000183105469,118.16999816894531,231925900,110.9671845598923,116.62632995605475
NVIDIA,2024-09-18,113.37000274658203,113.37000274658203,117.69999694824219,113.22000122070312,115.88999938964844,310318900,111.27079028197113,114.69322998046886
NVIDIA,2024-09-19,117.87000274658203,117.87000274658203,119.66000366210938,117.25,117.3499984741211,293506400,111.47692123307502,109.14097999572759
NVIDIA,2024-09-20,116.0,116.0,118.62000274658203,115.38999938964844,117.05999755859375,382462400,111.8734364846323,119.00088996887216
NVIDIA,2024-09-23,116.26000213623047,116.26000213623047,116.98999786376953,114.86000061035156,116.55000305175781,206228500,112.24780344990677,115.79224990844732
NVIDIA,2024-09-24,120.87000274658203,120.87000274658203,121.80000305175781,115.37999725341797,116.5199966430664,354966800,112.612773912477,116.83493011474614
NVIDIA,2024-09-25,123.51000213623047,123.51000213623047,124.94000244140625,121.61000061035156,122.0199966430664,284692900,113.21243382934722,120.793579864502
NVIDIA,2024-09-26,124.04000091552734,124.04000091552734,127.66999816894531,121.80000305175781,126.80000305175781,302582900,114.0645207083619,123.46627998352055
NVIDIA,2024-09-27,121.4000015258789,121.4000015258789,124.02999877929688,119.26000213623047,123.97000122070312,271009200,115.05841325604115,124.1059796905518
NVIDIA,2024-09-30,121.44000244140625,121.44000244140625,121.5,118.1500015258789,118.30999755859375,226553700,115.9419676925138,121.89828010559084
NVIDIA,2024-10-01,117.0,117.0,122.44000244140625,115.79000091552734,121.7699966430664,302094500,116.71959479621819,122.22088020324709
NVIDIA,2024-10-02,118.8499984741211,118.8499984741211,119.37999725341797,115.13999938964844,116.44000244140625,221845900,117.129865841232,118.33594017028817
NVIDIA,2024-10-03,122.8499984741211,122.8499984741211,124.36000061035156,120.33999633789062,120.91999816894531,277118000,117.39802229146494,121.37751007080082
NVIDIA,2024-10-04,124.91999816894531,124.91999816894531,125.04000091552734,121.83000183105469,124.94000244140625,243678100,117.77032116801638,124.30437988281253
NVIDIA,2024-10-07,127.72000122070312,127.72000122070312,130.63999938964844,124.94999694824219,124.98999786376953,346250200,118.2873776738993,124.96097984313963
NVIDIA,2024-10-08,132.88999938964844,132.88999938964844,133.47999572753906,129.4199981689453,130.25999450683594,285722500,119.02157491441994,126.28540016174318
NVIDIA,2024-10-09,132.64999389648438,132.64999389648438,134.52000427246094,131.3800048828125,134.11000061035156,246191600,120.14029935692906,127.07480018615723
NVIDIA,2024-10-10,134.80999755859375,134.80999755859375,135.0,131.0,131.91000366210938,242311300,121.4144908674682,127.17580017089848
NVIDIA,2024-10-11,134.8000030517578,134.8000030517578,135.77999877929688,133.66000366210938,134.00999450683594,170209500,122.84741891410158,127.54420013427738
NVIDIA,2024-10-14,138.07000732421875,138.07000732421875,139.60000610351562,136.3000030517578,136.47000122070312,232347700,124.29382815319923,126.71420036315918
NVIDIA,2024-10-15,131.60000610351562,131.60000610351562,138.57000732421875,128.74000549316406,137.8699951171875,377831000,125.85321853805408,125.49380004882816
NVIDIA,2024-10-16,135.72000122070312,135.72000122070312,136.6199951171875,131.5800018310547,133.97999572753906,264879700,127.01342489295803,125.18010025024418
NVIDIA,2024-10-17,136.92999267578125,136.92999267578125,140.88999938964844,136.8699951171875,139.33999633789062,306435900,128.11070471422704,124.3765000152588
NVIDIA,2024-10-18,138.0,138.0,138.89999389648438,137.27999877929688,138.6699981689453,176090200,129.14456886884363,124.46959999084476
NVIDIA,2024-10-21,143.7100067138672,143.7100067138672,143.7100067138672,138.0,138.1300048828125,264554500,130.12907349509965,124.17379981994631
NVIDIA,2024-10-22,143.58999633789062,143.58999633789062,144.4199981689453,141.77999877929688,142.91000366210938,226311600,131.339471762622,124.17829986572268
NVIDIA,2024-10-23,139.55999755859375,139.55999755859375,142.42999267578125,137.4600067138672,142.02999877929688,285930000,132.58971291786656,123.88839981079107
NVIDIA,2024-10-24,140.41000366210938,140.41000366210938,141.35000610351562,138.4600067138672,140.82000732421875,172354900,133.5681334158876,123.86789978027349
NVIDIA,2024-10-25,141.5399932861328,141.5399932861328,144.1300048828125,140.8000030517578,140.92999267578125,205122100,134.37977671750946,124.06460006713873
NVIDIA,2024-10-28,140.52000427246094,140.52000427246094,143.13999938964844,140.0500030517578,143.0,173586700,135.08865059777418,123.74979995727543
NVIDIA,2024-10-29,141.25,141.25,142.25999450683594,138.89999389648438,140.2899932861328,157593600,135.62102469025717,123.92590003967291
NVIDIA,2024-10-30,139.33999633789062,139.33999633789062,140.3300018310547,136.80999755859375,139.5399932861328,179418100,136.0497969771252,123.72849998474126
NVIDIA,2024-10-31,132.75999450683594,132.75999450683594,137.61000061035156,132.11000061035156,137.60000610351562,270039600,136.2697609532147,123.56329986572273
NVIDIA,2024-11-01,135.39999389648438,135.39999389648438,137.30999755859375,134.57000732421875,134.6999969482422,207127800,135.97646134962702,123.58329994201667
NVIDIA,2024-11-04,136.0500030517578,136.0500030517578,138.9600067138672,135.57000732421875,137.2100067138672,187528200,135.5415105404329,123.35139999389652
NVIDIA,2024-11-05,139.91000366210938,139.91000366210938,140.3699951171875,137.3300018310547,137.4499969482422,160537400,135.05084147365096,123.56050003051763
NVIDIA,2024-11-06,145.61000061035156,145.61000061035156,146.49000549316406,141.9600067138672,142.9600067138672,242043900,134.76045092432514,122.18650001525884
NVIDIA,2024-11-07,148.8800048828125,148.8800048828125,148.92999267578125,146.1699981689453,146.38999938964844,207323300,134.91568629776793,122.51489997863774
NVIDIA,2024-11-08,147.6300048828125,147.6300048828125,149.77000427246094,146.25999450683594,148.77000427246094,175665800,135.51007730809897,122.96010002136235
NVIDIA,2024-11-11,145.25999450683594,145.25999450683594,148.85000610351562,143.57000732421875,148.67999267578125,182325600,136.27603386963187,122.44909996032722
NVIDIA,2024-11-12,148.2899932861328,148.2899932861328,149.64999389648438,146.00999450683594,146.77999877929688,198634700,136.98900960221863,122.82279991149906
NVIDIA,2024-11-13,146.27000427246094,146.27000427246094,149.3300018310547,145.89999389648438,149.07000732421875,191903300,137.81097618489366,122.6359999084473
NVIDIA,2024-11-14,146.75999450683594,146.75999450683594,149.0,145.5500030517578,147.63999938964844,194463300,138.5249559273584,122.54829994201664
NVIDIA,2024-11-15,141.97999572753906,141.97999572753906,145.24000549316406,140.0800018310547,144.8699951171875,250132900,139.16579741178816,122.77479988098149
NVIDIA,2024-11-18,140.14999389648438,140.14999389648438,141.5500030517578,137.14999389648438,139.5,221866000,139.44801000031293,122.77479988098149
NVIDIA,2024-11-19,147.00999450683594,147.00999450683594,147.1300048828125,140.99000549316406,141.32000732421875,227834900,139.40056409761723,122.94719993591312
NVIDIA,2024-11-20,145.88999938964844,145.88999938964844,147.55999755859375,142.72999572753906,147.41000366210938,309871700,139.5284509284861,122.84689987182621
NVIDIA,2024-11-21,146.6699981689453,146.6699981689453,152.88999938964844,140.6999969482422,149.35000610351562,400946600,139.65708433080272,122.88229995727544
NVIDIA,2024-11-22,141.9499969482422,141.9499969482422,147.16000366210938,141.10000610351562,145.92999267578125,236406200,139.8299799805609,122.64019981384283
NVIDIA,2024-11-25,136.02000427246094,136.02000427246094,142.0500030517578,135.82000732421875,141.99000549316406,344941900,139.75221641206235,122.77869995117193
NVIDIA,2024-11-26,136.9199981689453,136.9199981689453,139.3000030517578,135.6699981689453,137.6999969482422,190287700,139.2079915705067,122.92170005798346
NVIDIA,2024-11-27,135.33999633789062,135.33999633789062,137.22000122070312,131.8000030517578,135.00999450683594,226370900,138.46751283228787,122.92170005798346
NVIDIA,2024-11-29,138.25,138.25,139.35000610351562,136.0500030517578,136.77999877929688,141863200,137.53867497593365,122.8796000671387
NVIDIA,2024-12-02,138.6300048828125,138.6300048828125,140.4499969482422,137.82000732421875,138.8300018310547,171682800,136.70621348658528,122.77060005187992
NVIDIA,2024-12-03,140.25999450683594,140.25999450683594,140.5399932861328,137.9499969482422,138.25999450683594,164414000,135.98625259125765,122.77320007324222
META,2024-09-06,499.7931823730469,500.2699890136719,524.5800170898438,498.25,521.8800048828125,14744500,529.7632628072462,516.3987948608394
META,2024-09-09,504.30889892578125,504.7900085449219,511.3299865722656,502.0799865722656,506.1600036621094,11047800,527.7214414445881,495.56710144042984
META,2024-09-10,504.30889892578125,504.7900085449219,514.1799926757812,500.0299987792969,508.1600036621094,9899000,525.596986399749,498.1571026611328
META,2024-09-11,511.3421630859375,511.8299865722656,513.1199951171875,495.6000061035156,507.010009765625,10782500,523.500305279882,496.53740234375005
META,2024-09-12,525.0990600585938,525.5999755859375,526.7100219726562,515.219970703125,517.0499877929688,11993300,521.9416501255255,513.5281982421873
META,2024-09-13,524.1199951171875,524.6199951171875,527.5800170898438,517.1099853515625,520.3400268554688,10321400,521.5855934116917,518.4828994750973
META,2024-09-16,533.280029296875,533.280029296875,534.0999755859375,517.4000244140625,524.5399780273438,9527600,521.9168162331516,515.014300842285
META,2024-09-17,536.3200073242188,536.3200073242188,542.0999755859375,530.5700073242188,537.5999755859375,11690800,523.2009849398091,517.611601257324
META,2024-09-18,537.9500122070312,537.9500122070312,544.2000122070312,533.9000244140625,537.0700073242188,10323500,525.1847562971199,518.5658013916013
META,2024-09-19,559.0999755859375,559.0999755859375,562.0700073242188,546.52001953125,550.0,15647000,527.612973007872,519.4984997558593
META,2024-09-20,561.3499755859375,561.3499755859375,564.5,556.2999877929688,560.0,22066800,531.4383932956081,520.4732006835937
META,2024-09-23,564.4099731445312,564.4099731445312,573.97998046875,562.4099731445312,569.5,12830700,536.0112074021928,523.1010986328122
META,2024-09-24,563.3300170898438,563.3300170898438,567.75,554.1900024414062,566.6799926757812,12993000,541.0122654059852,522.8710995483398
META,2024-09-25,568.3099975585938,568.3099975585938,576.8800048828125,563.719970703125,564.0499877929688,16543400,545.9581508831435,522.5378005981444
META,2024-09-26,567.8400268554688,567.8400268554688,577.4000244140625,562.3499755859375,575.72998046875,14400800,550.9077270395211,522.0574990844724
META,2024-09-27,567.3599853515625,567.3599853515625,570.8400268554688,564.510009765625,570.0999755859375,9398400,555.5460350637769,523.0263992309568
META,2024-09-30,572.4400024414062,572.4400024414062,574.6799926757812,564.7999877929688,567.7000122070312,12792300,559.7106225163772,523.33059967041
META,2024-10-01,576.469970703125,576.469970703125,583.0399780273438,570.0999755859375,577.97998046875,15259300,563.6417588698861,522.4755010986327
META,2024-10-02,572.8099975585938,572.8099975585938,576.0,569.3400268554688,574.8599853515625,6524700,567.4168232801386,523.0060015869141
META,2024-10-03,582.77001953125,582.77001953125,583.3599853515625,568.72998046875,570.1500244140625,11581000,570.6519225544436,522.7597009277342
META,2024-10-04,595.9400024414062,595.9400024414062,596.8499755859375,581.4299926757812,583.72998046875,14169500,573.9621490447208,522.9444006347657
META,2024-10-07,584.780029296875,584.780029296875,602.9500122070312,584.0399780273438,598.219970703125,12014200,577.855690513301,522.1537014770506
META,2024-10-08,592.8900146484375,592.8900146484375,593.5599975585938,585.969970703125,589.6900024414062,7857400,581.2001965325982,520.9013012695311
META,2024-10-09,590.510009765625,590.510009765625,594.3900146484375,581.6099853515625,593.989990234375,9529700,584.5480179078041,521.2825018310547
META,2024-10-10,583.8300170898438,583.8300170898438,590.22998046875,582.52001953125,587.5700073242188,7740400,587.5311501330362,520.9162017822265
META,2024-10-11,589.9500122070312,589.9500122070312,591.2100219726562,582.7100219726562,584.8300170898438,8587100,589.7419295392757,521.4961999511719
META,2024-10-14,590.4199829101562,590.4199829101562,600.0999755859375,589.9600219726562,594.219970703125,8252000,591.7233238489536,521.6218005371094
META,2024-10-15,586.27001953125,586.27001953125,590.6099853515625,580.1400146484375,590.1599731445312,9564200,593.4360492222442,522.1819003295898
META,2024-10-16,576.7899780273438,576.7899780273438,582.0800170898438,574.030029296875,581.4000244140625,11268400,594.6352697529729,522.2807995605469
META,2024-10-17,576.9299926757812,576.9299926757812,584.969970703125,575.2000122070312,583.3300170898438,8701200,594.9017493033826,521.7249011230468
META,2024-10-18,576.469970703125,576.469970703125,583.969970703125,575.25,581.0999755859375,7694300,594.6019910861143,521.4854010009766
META,2024-10-21,575.1599731445312,575.1599731445312,577.239990234375,569.1099853515625,576.030029296875,8171900,593.9111459793713,521.4654000854492
META,2024-10-22,582.010009765625,582.010009765625,583.530029296875,572.1199951171875,574.2899780273438,8544500,592.9209805325555,522.1432006835937
META,2024-10-23,563.6900024414062,563.6900024414062,585.0,562.5,579.969970703125,14248400,592.1899132777108,521.8020013427735
META,2024-10-24,567.780029296875,567.780029296875,568.8800048828125,561.52001953125,567.1300048828125,7184700,590.5513768121165,521.5575006103516
META,2024-10-25,573.25,573.25,581.2899780273438,571.719970703125,573.9299926757812,11337900,588.7508257841838,521.5450003051757
META,2024-10-28,578.1599731445312,578.1599731445312,583.75,574.1199951171875,582.0,10925100,587.2255744044561,521.7694012451173
META,2024-10-29,593.280029296875,593.280029296875,593.6699829101562,575.4000244140625,580.1500244140625,13019100,586.2145785139111,521.4407009887697
META,2024-10-30,591.7999877929688,591.7999877929688,601.2000122070312,589.3800048828125,600.97998046875,26864900,586.4492806907039,521.3388009643555
META,2024-10-31,567.5800170898438,567.5800170898438,589.9000244140625,563.010009765625,585.0,26838400,587.3179039388234,521.3799020385743
META,2024-11-01,567.1599731445312,567.1599731445312,573.6699829101562,562.5599975585938,567.6099853515625,15303200,587.1595800557044,521.9460998535155
META,2024-11-04,560.6799926757812,560.6799926757812,568.6900024414062,557.8900146484375,564.0999755859375,12064600,586.457162480223,522.0590982055663
META,2024-11-05,572.4299926757812,572.4299926757812,573.47998046875,566.6699829101562,567.2999877929688,9775400,585.05207711372,522.5673999023437
META,2024-11-06,572.0499877929688,572.0499877929688,573.0,555.1699829101562,562.75,18305400,583.9827184484021,522.2937991333007
META,2024-11-07,591.7000122070312,591.7000122070312,594.7999877929688,575.2100219726562,576.8900146484375,14653700,583.0937026337489,522.3233993530273
META,2024-11-08,589.3400268554688,589.3400268554688,593.0999755859375,584.52001953125,591.5399780273438,9415700,583.5212584382208,522.0098992919922
META,2024-11-11,583.1699829101562,583.1699829101562,587.0,576.510009765625,586.3599853515625,10209100,584.5388224866985,521.8576995849609
META,2024-11-12,584.8200073242188,584.8200073242188,599.6599731445312,580.3800048828125,588.5399780273438,16287700,585.552883517612,522.1566995239258
META,2024-11-13,580.0,580.0,585.6400146484375,575.1699829101562,582.6099853515625,10757600,586.6473888447291,522.4589993286132
META,2024-11-14,577.1599731445312,577.1599731445312,580.760009765625,573.010009765625,577.0,11053700,587.447453034809,522.5394992065429
META,2024-11-15,554.0800170898438,554.0800170898438,572.5700073242188,551.5,571.219970703125,17712900,587.8769480097181,522.1859994506837
META,2024-11-18,554.4000244140625,554.4000244140625,559.9000244140625,550.0900268554688,557.0399780273438,14346700,586.7059392811572,522.474599609375
META,2024-11-19,561.0900268554688,561.0900268554688,561.4299926757812,550.5999755859375,551.8599853515625,9522400,584.6975216931279,522.4145001220703
META,2024-11-20,565.52001953125,565.52001953125,566.3499755859375,554.2000122070312,562.9299926757812,9797300,582.6219837864156,522.2668988037109
META,2024-11-21,563.0900268554688,563.0900268554688,570.0,549.0499877929688,569.52001953125,11154700,580.8244353449664,522.2894982910157
META,2024-11-22,559.1400146484375,559.1400146484375,563.8300170898438,554.5900268554688,563.5499877929688,9164000,579.1326655231752,522.7267984008789
META,2024-11-25,565.1099853515625,565.1099853515625,572.5900268554688,556.3900146484375,562.0999755859375,13599800,577.3812818489097,522.3464999389648
META,2024-11-26,573.5399780273438,573.5399780273438,577.5,565.2000122070312,566.0,10356600,576.0530126532759,522.1076995849609
META,2024-11-27,569.2000122070312,569.2000122070312,574.97998046875,564.0999755859375,574.8900146484375,7200200,575.5296868507577,522.5572994995117
META,2024-11-29,574.3200073242188,574.3200073242188,578.4600219726562,566.9000244140625,569.0,7130500,575.2641456086241,522.4111990356446
META,2024-12-02,592.8300170898438,592.8300170898438,594.5,575.5700073242188,577.5,12522400,575.5117964396269,521.09580078125
META,2024-12-03,613.6500244140625,613.6500244140625,614.2000122070312,591.25,595.0,14907200,577.1373216971261,521.09580078125
TESLA,2024-09-06,210.72999572753906,210.72999572753906,233.60000610351562,210.50999450683594,232.60000610351562,112177000,216.9473339367346,229.33236633300774
TESLA,2024-09-09,216.27000427246094,216.27000427246094,219.8699951171875,213.6699981689453,216.1999969482422,67443500,217.4577355043083,217.033734893799
TESLA,2024-09-10,226.1699981689453,226.1699981689453,226.39999389648438,218.63999938964844,220.07000732421875,78891100,217.9264225596769,221.30090133667
TESLA,2024-09-11,228.1300048828125,228.1300048828125,228.47000122070312,216.8000030517578,224.5500030517578,83548600,218.94456651028793,228.85286682128904
TESLA,2024-09-12,229.80999755859375,229.80999755859375,231.4499969482422,223.8300018310547,224.66000366210938,72020000,220.3817285737972,228.6904664611816
TESLA,2024-09-13,230.2899932861328,230.2899932861328,232.6699981689453,226.32000732421875,228.0,59515100,222.1233094583597,230.22760009765614
TESLA,2024-09-16,226.77999877929688,226.77999877929688,229.9600067138672,223.52999877929688,229.3000030517578,54323000,223.98691222812522,230.4025004577636
TESLA,2024-09-17,227.8699951171875,227.8699951171875,234.57000732421875,226.5500030517578,229.4499969482422,66761600,225.57939379190145,229.60973327636702
TESLA,2024-09-18,227.1999969482422,227.1999969482422,235.67999267578125,226.8800048828125,230.08999633789062,78010200,226.95252731644405,228.840534210205
TESLA,2024-09-19,243.9199981689453,243.9199981689453,244.24000549316406,232.1300048828125,234.0,102694600,228.03199437479782,228.40746658325176
TESLA,2024-09-20,238.25,238.25,243.99000549316406,235.9199981689453,241.52000427246094,99879100,229.9245938176815,244.4594342041016
TESLA,2024-09-23,250.0,250.0,250.0,241.9199981689453,242.61000061035156,86927200,231.84924221506424,241.4044000244141
TESLA,2024-09-24,254.27000427246094,254.27000427246094,257.19000244140625,249.0500030517578,254.0800018310547,88491000,234.4582028486983,251.65599838256838
TESLA,2024-09-25,257.0199890136719,257.0199890136719,257.04998779296875,252.27999877929688,252.5399932861328,65034300,237.61571856716682,253.2330975341797
TESLA,2024-09-26,254.22000122070312,254.22000122070312,261.75,251.52999877929688,260.6000061035156,67142200,241.11483544350995,253.47349853515627
TESLA,2024-09-27,260.4599914550781,260.4599914550781,260.70001220703125,254.1199951171875,257.3800048828125,70988100,244.4211036326078,252.40326538085944
TESLA,2024-09-30,261.6300048828125,261.6300048828125,264.8599853515625,255.77000427246094,259.0400085449219,80705700,247.78469459097198,259.16346664428704
TESLA,2024-10-01,258.0199890136719,258.0199890136719,263.9800109863281,248.52999877929688,262.6700134277344,87397600,251.01465574554834,259.85186782836905
TESLA,2024-10-02,249.02000427246094,249.02000427246094,251.16000366210938,241.5,247.5500030517578,93983900,253.69099780299928,254.15299911499025
TESLA,2024-10-03,240.66000366210938,240.66000366210938,249.7899932861328,237.80999755859375,244.47999572753906,80729200,255.21646791645935,251.37206542968758
TESLA,2024-10-04,250.0800018310547,250.0800018310547,250.9600067138672,244.5800018310547,246.69000244140625,86573200,255.31661511843288,243.27659957885749
TESLA,2024-10-07,240.8300018310547,240.8300018310547,249.8300018310547,240.6999969482422,249.0,68113300,255.07282570480857,250.83853210449223
TESLA,2024-10-08,244.5,244.5,246.2100067138672,240.55999755859375,243.55999755859375,56303200,253.97287136385296,239.68340026855464
TESLA,2024-10-09,241.0500030517578,241.0500030517578,247.42999267578125,239.50999450683594,243.82000732421875,66289500,252.64154484489063,245.74756683349614
TESLA,2024-10-10,238.77000427246094,238.77000427246094,242.7899932861328,232.33999633789062,241.80999755859375,83087100,251.0065394518765,239.56123413085936
TESLA,2024-10-11,217.8000030517578,217.8000030517578,223.33999633789062,214.3800048828125,220.1300048828125,142628900,249.14157240482712,236.3604333496094
TESLA,2024-10-14,219.16000366210938,219.16000366210938,221.91000366210938,213.74000549316406,220.1300048828125,86291900,245.882568330445,217.07683471679687
TESLA,2024-10-15,219.57000732421875,219.57000732421875,224.25999450683594,217.1199951171875,220.00999450683594,62988800,242.0351676498707,219.81366806030275
TESLA,2024-10-16,221.3300018310547,221.3300018310547,222.82000732421875,218.92999267578125,221.39999389648438,49632800,238.05346658853853,219.96600143432622
TESLA,2024-10-17,220.88999938964844,220.88999938964844,222.0800018310547,217.89999389648438,221.58999633789062,50791800,234.3625646987647,220.10373443603515
TESLA,2024-10-18,220.6999969482422,220.6999969482422,222.27999877929688,219.22999572753906,220.7100067138672,49611900,231.09139774554671,218.38303359985355
TESLA,2024-10-21,218.85000610351562,218.85000610351562,220.47999572753906,215.72999572753906,218.89999389648438,47329000,228.3212905290095,217.68876739501945
TESLA,2024-10-22,217.97000122070312,217.97000122070312,218.22000122070312,215.25999450683594,217.30999755859375,43268700,225.96298694210668,216.53900100708006
TESLA,2024-10-23,213.64999389648438,213.64999389648438,218.72000122070312,212.11000061035156,217.1300048828125,80938900,223.99105130666442,215.3328350830078
TESLA,2024-10-24,260.4800109863281,260.4800109863281,262.1199951171875,242.64999389648438,244.67999267578125,204491900,222.13630477757215,212.85930130004883
TESLA,2024-10-25,269.19000244140625,269.19000244140625,269.489990234375,255.32000732421875,256.010009765625,161611900,223.50997013902202,259.2860343933107
TESLA,2024-10-28,262.510009765625,262.510009765625,273.5400085449219,262.239990234375,270.0,107653600,227.5027241586879,267.17089569091826
TESLA,2024-10-29,259.5199890136719,259.5199890136719,264.9800109863281,255.50999450683594,264.510009765625,80521800,232.6204982239825,262.7858995056153
TESLA,2024-10-30,257.54998779296875,257.54998779296875,263.3500061035156,255.82000732421875,258.0400085449219,53993600,237.9846515174064,259.7179328918457
TESLA,2024-10-31,249.85000610351562,249.85000610351562,259.75,249.25,257.989990234375,66575300,243.00687992614257,255.48953277587896
TESLA,2024-11-01,248.97999572753906,248.97999572753906,254.0,246.6300048828125,252.0399932861328,57544800,246.92593984913572,251.77283035278327
TESLA,2024-11-04,242.83999633789062,242.83999633789062,248.89999389648438,238.8800048828125,244.55999755859375,68802400,249.76636515415169,250.31383132934576
TESLA,2024-11-05,251.44000244140625,251.44000244140625,255.27999877929688,246.2100067138672,247.33999633789062,69282500,251.26091935695865,242.05923355102544
TESLA,2024-11-06,288.5299987792969,288.5299987792969,289.5899963378906,275.6199951171875,284.6700134277344,165228700,252.31582942420278,249.50633239746094
TESLA,2024-11-07,296.9100036621094,296.9100036621094,299.75,285.5199890136719,288.8900146484375,117309200,255.43556159891125,289.04896850585936
TESLA,2024-11-08,321.2200012207031,321.2200012207031,328.7099914550781,297.6600036621094,299.1400146484375,204782800,260.2482693895264,308.56893341064455
TESLA,2024-11-11,350.0,350.0,358.6400146484375,336.0,346.29998779296875,210521600,267.54604293772525,321.9036325073242
TESLA,2024-11-12,328.489990234375,328.489990234375,345.8399963378906,323.30999755859375,342.739990234375,155726000,277.9523569622361,365.90033386230465
TESLA,2024-11-13,330.239990234375,330.239990234375,344.6000061035156,322.5,335.8500061035156,125405600,288.2280240943086,341.75516815185546
TESLA,2024-11-14,311.17999267578125,311.17999267578125,329.9800109863281,310.3699951171875,327.69000244140625,120726100,297.8654175676244,342.02643402099596
TESLA,2024-11-15,320.7200012207031,320.7200012207031,324.67999267578125,309.2200012207031,310.57000732421875,114440300,305.02195373192706,305.8435333251952
TESLA,2024-11-18,338.739990234375,338.739990234375,348.54998779296875,330.010009765625,340.7300109863281,126547500,310.67746115716034,313.276666870117
TESLA,2024-11-19,346.0,346.0,347.3800048828125,332.75,335.760009765625,88852500,316.092023340056,359.77573364257796
TESLA,2024-11-20,342.0299987792969,342.0299987792969,346.6000061035156,334.29998779296875,345.0,66340700,321.394645415643,366.7630685424805
TESLA,2024-11-21,339.6400146484375,339.6400146484375,347.989990234375,335.2799987792969,343.80999755859375,58011700,325.9552625122117,361.95676849365225
TESLA,2024-11-22,352.55999755859375,352.55999755859375,361.5299987792969,337.70001220703125,341.0899963378906,89140700,329.54282617856836,361.8090679931641
TESLA,2024-11-25,338.5899963378906,338.5899963378906,361.92999267578125,338.20001220703125,360.1400146484375,95890900,333.11436536767553,373.4288018798827
TESLA,2024-11-26,338.2300109863281,338.2300109863281,346.9599914550781,335.6600036621094,341.0,62295900,335.3834590942196,362.7397357177734
TESLA,2024-11-27,332.8900146484375,332.8900146484375,342.54998779296875,326.5899963378906,341.79998779296875,57896400,336.64902282343064,361.9503356933593
TESLA,2024-11-29,345.1600036621094,345.1600036621094,345.45001220703125,334.6499938964844,336.0799865722656,37167600,336.76036172380066,350.85913574218733
TESLA,2024-12-02,357.0899963378906,357.0899963378906,360.0,351.1499938964844,352.3800048828125,77986500,336.95186925710584,360.3950677490234
TESLA,2024-12-03,351.4200134277344,351.4200134277344,355.69000244140625,348.20001220703125,351.79998779296875,58267200,337.94779167433046,372.98533325195314
INTEL,2024-09-06,18.889999389648438,18.889999389648438,19.489999771118164,18.639999389648438,19.440000534057617,92686500,21.071246471942118,20.206300106048584
INTEL,2024-09-09,19.06999969482422,19.06999969482422,19.540000915527344,18.950000762939453,19.0,64244100,20.976117896739765,20.12830007553101
INTEL,2024-09-10,18.979999542236328,18.979999542236328,19.110000610351562,18.510000228881836,19.030000686645508,55621300,20.86033303884136,20.077600135803223
INTEL,2024-09-11,19.639999389648438,19.639999389648438,19.690000534057617,18.520000457763672,19.010000228881836,71403100,20.731172398897968,20.226800174713137
INTEL,2024-09-12,19.360000610351562,19.360000610351562,19.540000915527344,19.040000915527344,19.43000030517578,51602900,20.624569157719463,20.433700275421145
INTEL,2024-09-13,19.65999984741211,19.65999984741211,19.799999237060547,19.489999771118164,19.489999771118164,44236300,20.52919696334925,20.417900276184085
INTEL,2024-09-16,20.90999984741211,20.90999984741211,21.06999969482422,19.760000228881836,20.030000686645508,149337000,20.458445080925003,20.26910022735596
INTEL,2024-09-17,21.469999313354492,21.469999313354492,22.579999923706055,21.239999771118164,21.709999084472656,196249800,20.459248894889015,20.31340021133423
INTEL,2024-09-18,20.770000457763672,20.770000457763672,21.739999771118164,20.719999313354492,21.360000610351562,118727900,20.536691715884103,20.309200229644777
INTEL,2024-09-19,21.139999389648438,21.139999389648438,21.690000534057617,21.030000686645508,21.280000686645508,99829200,20.6398347891394,20.228100185394286
INTEL,2024-09-20,21.84000015258789,21.84000015258789,23.139999389648438,20.350000381469727,20.889999389648438,260377900,20.771040795773388,20.231700153350832
INTEL,2024-09-23,22.559999465942383,22.559999465942383,22.81999969482422,22.030000686645508,22.43000030517578,184439100,20.94482456211324,20.21730012893677
INTEL,2024-09-24,22.809999465942383,22.809999465942383,23.110000610351562,22.290000915527344,22.530000686645508,113082500,21.17158967941606,20.124600105285644
INTEL,2024-09-25,23.540000915527344,23.540000915527344,24.059999465942383,22.729999542236328,22.799999237060547,117013400,21.43787281788434,20.063200054168703
INTEL,2024-09-26,23.920000076293945,23.920000076293945,24.420000076293945,23.25,24.280000686645508,95416900,21.751272531396637,24.924000072479245
INTEL,2024-09-27,23.90999984741211,23.90999984741211,24.65999984741211,23.700000762939453,24.15999984741211,85883300,22.10136288000797,26.10690002441406
INTEL,2024-09-30,23.459999084472656,23.459999084472656,23.950000762939453,23.09000015258789,23.739999771118164,66308200,22.462392449585877,26.623200054168702
INTEL,2024-10-01,22.690000534057617,22.690000534057617,23.719999313354492,22.260000228881836,23.459999084472656,86344400,22.795983002046682,23.839500083923337
INTEL,2024-10-02,22.389999389648438,22.389999389648438,23.06999969482422,22.350000381469727,22.670000076293945,59033900,23.061191002398118,20.770700149536133
INTEL,2024-10-03,22.260000228881836,22.260000228881836,22.729999542236328,21.649999618530273,22.139999389648438,49565900,23.2505545746875,20.47320007324219
INTEL,2024-10-04,22.59000015258789,22.59000015258789,22.90999984741211,22.299999237060547,22.700000762939453,49845500,23.369826751394385,20.183900032043457
INTEL,2024-10-07,22.3799991607666,22.3799991607666,22.649999618530273,22.020000457763672,22.399999618530273,54928700,23.44638485986934,20.002099990844727
INTEL,2024-10-08,23.31999969482422,23.31999969482422,23.420000076293945,22.049999237060547,22.25,58650500,23.480435025200563,19.964099922180175
INTEL,2024-10-09,23.459999084472656,23.459999084472656,23.479999542236328,23.059999465942383,23.25,44759000,23.522180157758044,22.239700012207027
INTEL,2024-10-10,23.219999313354492,23.219999313354492,23.530000686645508,22.959999084472656,23.190000534057617,44874600,23.57528248715539,22.40989995956421
INTEL,2024-10-11,23.559999465942383,23.559999465942383,23.81999969482422,22.979999542236328,23.049999237060547,43585300,23.625747671383124,22.258299980163574
INTEL,2024-10-14,23.440000534057617,23.440000534057617,23.770000457763672,23.270000457763672,23.579999923706055,35403600,23.68705510913003,25.394899997711182
INTEL,2024-10-15,22.65999984741211,22.65999984741211,23.719999313354492,22.469999313354492,23.40999984741211,68900600,23.7492143828149,23.586800022125242
INTEL,2024-10-16,22.309999465942383,22.309999465942383,22.540000915527344,21.739999771118164,22.3799991607666,62151800,23.776803376250655,20.64160001754761
INTEL,2024-10-17,22.440000534057617,22.440000534057617,22.81999969482422,22.399999618530273,22.719999313354492,43807600,23.762896951393486,20.446100063323975
INTEL,2024-10-18,22.770000457763672,22.770000457763672,22.81999969482422,22.5,22.610000610351562,39971700,23.724399212474623,20.345400066375735
INTEL,2024-10-21,22.84000015258789,22.84000015258789,22.8799991607666,22.25,22.610000610351562,39727000,23.68360639260061,20.263600063323974
INTEL,2024-10-22,22.399999618530273,22.399999618530273,22.81999969482422,22.170000076293945,22.729999542236328,50160400,23.64650202972598,20.230800056457518
INTEL,2024-10-23,21.979999542236328,21.979999542236328,22.43000030517578,21.579999923706055,22.299999237060547,45799100,23.595986237725697,20.227100048065186
INTEL,2024-10-24,22.34000015258789,22.34000015258789,22.3700008392334,21.969999313354492,22.09000015258789,40554400,23.520565141834027,20.24690004348755
INTEL,2024-10-25,22.68000030517578,22.68000030517578,23.34000015258789,22.40999984741211,22.420000076293945,67503000,23.44519206791631,20.241600036621094
INTEL,2024-10-28,22.920000076293945,22.920000076293945,23.270000457763672,22.559999465942383,22.670000076293945,41915000,23.38767467211369,20.241600036621094
INTEL,2024-10-29,22.899999618530273,22.899999618530273,23.139999389648438,22.40999984741211,22.8700008392334,83422200,23.356368039094377,20.290700035095217
INTEL,2024-10-30,22.299999237060547,22.299999237060547,22.93000030517578,22.260000228881836,22.420000076293945,50941200,23.345303406895823,20.241600036621094
INTEL,2024-10-31,21.520000457763672,21.520000457763672,22.25,21.469999313354492,22.149999618530273,112485500,23.324673166885646,20.241600036621094
INTEL,2024-11-01,23.200000762939453,23.200000762939453,23.579999923706055,21.90999984741211,23.0,173471100,23.264980745062758,20.241600036621094
INTEL,2024-11-04,22.520000457763672,22.520000457763672,23.0,22.0,22.959999084472656,84616300,23.248321552898688,20.85350004196167
INTEL,2024-11-05,23.31999969482422,23.31999969482422,23.579999923706055,22.399999618530273,22.579999923706055,59153300,23.23631014901366,20.241600036621094
INTEL,2024-11-06,25.049999237060547,25.049999237060547,25.1200008392334,24.049999237060547,24.299999237060547,116760500,23.261609602491262,22.488900032043457
INTEL,2024-11-07,26.229999542236328,26.229999542236328,26.3799991607666,25.190000534057617,25.43000030517578,101489300,23.385851314702677,25.600600032806398
INTEL,2024-11-08,26.200000762939453,26.200000762939453,26.43000030517578,25.829999923706055,26.0,76428000,23.628375950957548,26.925300025939944
INTEL,2024-11-11,25.049999237060547,25.049999237060547,26.290000915527344,24.829999923706055,25.959999084472656,80185300,23.947153202053073,27.315500049591066
INTEL,2024-11-12,24.15999984741211,24.15999984741211,24.959999084472656,23.889999389648438,24.65999984741211,62539700,24.258547628753035,26.729600009918215
INTEL,2024-11-13,24.920000076293945,24.920000076293945,25.139999389648438,24.020000457763672,24.059999465942383,58202000,24.510690327591078,26.680600032806396
INTEL,2024-11-14,25.030000686645508,25.030000686645508,25.610000610351562,24.93000030517578,25.1200008392334,49252100,24.7383702634977,26.708200035095214
INTEL,2024-11-15,24.350000381469727,24.350000381469727,24.81999969482422,24.229999542236328,24.809999465942383,55104900,24.94157229108112,26.6885000038147
INTEL,2024-11-18,24.84000015258789,24.84000015258789,25.020000457763672,24.15999984741211,24.329999923706055,59667300,25.08836549166063,26.661100025177007
INTEL,2024-11-19,24.200000762939453,24.200000762939453,24.540000915527344,24.100000381469727,24.5,61190900,25.208150025889612,26.670600032806398
INTEL,2024-11-20,24.010000228881836,24.010000228881836,24.209999084472656,23.549999237060547,24.06999969482422,50191500,25.275572877319522,26.683200054168704
INTEL,2024-11-21,24.440000534057617,24.440000534057617,24.770000457763672,23.829999923706055,24.079999923706055,58928400,25.29402070331344,26.677000064849853
INTEL,2024-11-22,24.5,24.5,24.68000030517578,24.139999389648438,24.350000381469727,36784700,25.294706309341567,26.659900035858158
INTEL,2024-11-25,24.8700008392334,24.8700008392334,25.56999969482422,24.760000228881836,25.040000915527344,91128400,25.285769789388727,26.58410001754761
INTEL,2024-11-26,24.049999237060547,24.049999237060547,24.989999771118164,23.809999465942383,24.950000762939453,69613600,25.28706121108826,26.596600036621098
INTEL,2024-11-27,23.649999618530273,23.649999618530273,23.93000030517578,23.059999465942383,23.829999923706055,53992300,25.261642810875177,26.39200004577637
INTEL,2024-11-29,24.049999237060547,24.049999237060547,24.280000686645508,23.600000381469727,23.719999313354492,36616800,25.201304308802722,26.313300037384035
INTEL,2024-12-02,23.93000030517578,23.93000030517578,25.479999542236328,23.440000534057617,24.84000015258789,150497900,25.135326549388996,26.662600040435795
INTEL,2024-12-03,22.469999313354492,22.469999313354492,23.75,22.440000534057617,23.68000030517578,138160500,25.063404777799295,26.68360004425049
